vendor,aliases,Title
73dipstick.com,,73dipstick.com
A1 Technologies,,A1 Technologies
AccuAir,,AccuAir
Accuform Dash Tops,,Accuform Dash Tops
Adams Driveshafts,,Adams Driveshafts
Addictive Desert Designs,,Addictive Desert Designs
AEM,,AEM
Aeroturbine,,Aeroturbine
AFE,,AFE
Agri-Cover,,Agri-Cover
Airaid,,Airaid
AirLift,,AirLift
Alliant,,Alliant
Allied Exhaust Tips,,Allied Exhaust Tips
Alpharex,,Alpharex
American Expedition Vehicles,,American Expedition Vehicles
AMP Research,,AMP Research
Anarchy Diesel - EFILive,,Anarchy Diesel
Anzo,,Anzo
Apex Chassis,,Apex Chassis
Apex Designs,,Apex Designs
ARB,,ARB
Area Diesel Service,,Area Diesel Service
ARP,,ARP
Artec,,Artec
ATI Performance Products,,ATI
ATS,,ATS
AutoEnginuity,,AutoEnginuity
AutoMeter,,AutoMeter
Axiom Supply,,Axiom Supply
B&W Goosenecks,,B&W Goosenecks
Bad Axe Parts,,Bad Axe Parts
Baja Designs,,Baja Designs
Baldwin Filters,,Baldwin Filters
Banks Power,,Banks Power
Bartact,,Bartact
BBi Injectors,,BBi Injectors
BD-Power,,BD-Power
BDS Suspension,,BDS Suspension
Beans Diesel Performance,,Beans Diesel Performance
Belltech,,Belltech
Bestop,,Bestop
Big 7 Battery Cable Kits,,Big 7
Bilstein,,Bilstein
Black Onyx,,Black Onyx
Black Rhino Wheels,,Black Rhino Wheels
Blend Door USA,,Blend Door USA
BMC Lights,,BMC Lights
Borgeson,,Borgeson
BorgWarner,,BorgWarner
Bosch,,Bosch
Boxo USA,,Boxo USA
Bubba Rope,,Bubba Rope
BuiltRight Industries,,BuiltRight Industries
BulletProof Diesel,,BulletProof Diesel
Bulletproof Hitches,,Bulletproof Hitches
Bully Dog Technologies,,Bully Dog Technologies
Bushwacker,,Bushwacker
Calibrated Power,,Calibrated Power
Camburg,,Camburg
Carli Suspension,,Carli Suspension
Carter,,Carter
Casserly Injectors,,Casserly Injectors
Champion Racing Oils,,Champion Racing Oils
CJC Offroad,,CJC Offroad
Clampco,,Clampco
Clutch Masters,,Clutch Masters
CNC Fabrication,,CNC Fabrication
Cognito Motorsports,,Cognito Motorsports
ColorBond,,ColorBond
Colt Cams,,Colt Cams
Cometic,,Cometic
ComeUp Winch,,ComeUp Winch
Complete Performance,,Complete Performance
LED Pod Bumper Brackets,,LED Pod Bumper Brackets
Headlights,,Headlights
Taillights,,Taillights
Cab Lights,,Cab Lights
2WD Leveling Kit,,2WD Leveling Kit
4 Gauge Pod (Quad Pod),,4 Gauge Pod
CP-Carrillo,,CP-Carrillo
Crown Performance Products,,Crown Performance Products
CSF Radiators,,CSF Radiators
Cummins,,Cummins
Custom Battery Cables,,Custom Battery Cables
Customs Unlimited,,Customs Unlimited
Dayco,,Dayco
Daystar,,Daystar
DC Power Alternators,,DC Power Alternators
DDC Wheels,,DDC Wheels
Deaver Spring,,Deaver Spring
Detroit,,Detroit
DiabloSport,,DiabloSport
Diamond Advantage,,Diamond Advantage
Diamond Eye Mfg.,,Diamond Eye Mfg.
Diesel Power Products,,Diesel Power Products
Diesel Pros,,Diesel Pros
Diesel Rx,,Diesel Rx
Diode Dynamics,,Diode Dynamics
Dipaco Diesel Parts,,Dipaco Diesel Parts
Dirt Church Industries,,Dirt Church Industries
Dorman,,Dorman
DP-Tuner,,DP-Tuner
DPPI,,DPPI
Draw-Tite,,Draw-Tite
Driven Diesel,,Driven Diesel
DTT Performance,,DTT Performance
Dynomite,,Dynomite
Dynatrac,,Dynatrac
Eastern Industries (Water Pumps),,Eastern Industries
EBC Brakes,,EBC Brakes
Edge Products,,Edge Products
EMF,,EMF
Emmrod,,Emmrod
Expedition One,,Expedition One
EZ LYNK,,EZ LYNK
Fab Fours,,Fab Fours
Fabtech Suspension,,Fabtech Suspension
Factor 55,,Factor 55
Factory Aftermarket,,Factory Aftermarket
Fairchild Industries,,Fairchild Industries
FASS Fuel Systems,,FASS Fuel Systems
Fast Coolers,,Fast Coolers
Fleece,,Fleece
Flex-A-Lite,,Flex-A-Lite
FLO~PRO Exhaust,,FLO-PRO
Fluidampr,,Fluidampr
Fluidyne,,Fluidyne
Ford Motor Company,,Ford Motor Company
Fox Racing Shocks,,Fox Racing Shocks
Frantz Oil Filters,,Frantz Oil Filters
Fuel Bomb,,Fuel Bomb
Fuelab,,Fuelab
Full Send Diesel (ALL),,Full Send Diesel
Full Travel Bags,,Full Travel Bags
Fumoto Engineering,,Fumoto Engineering
Garrett,,Garrett
Gator Fasteners,,Gator Fasteners
Gear Box Z,,Gear Box Z
Gearhead Automotive,,Gearhead Automotive
Gen-Y Hitch,,Gen-Y Hitch
Generic Race Parts (GRP),,Generic Race Parts
Genright,,Genright
Glacier Diesel Power,,Glacier Diesel Power
GM OEM Parts,,GM OEM Parts
Grabars,,Grabars
Grand Rock,,Grand Rock
Grizzly Products,,Grizzly Products
GSP,,GSP
H&S Motorsports,,H&S Motorsports
Harland Sharp,,Harland Sharp
Hawk Performance,,Hawk Performance
Heatshield Products,,Heatshield Products
Hellwig,,Hellwig
High Tech Turbo,,High Tech Turbo
Highway Products,,Highway Products
Holders Diesel,,Holders Diesel
Holset,,Holset
Hot Shot's Secret,,Hot Shot's Secret
HPS Performance Products,,HPS Performance Products
HUBB Oil Filters,,HUBB Oil Filters
Hushpower,,Hushpower
Hypertech,,Hypertech
Husky,,Husky
ICON Vehicle Dynamics,,ICON Vehicle Dynamics
ICON Alloys Wheels,,ICON Alloys Wheels
IHI 6.5L Turbo,,IHI 6.5L Turbo
Industrial Injection,,Industrial Injection
Intakehoses.com,,Intakehoses.com
ISSPRO,,ISSPRO
J.W. Speaker,,J.W. Speaker
JKS Manufacturing,,JKS Manufacturing
KC HiLiTES,,KC HiLiTES
KC Turbos,,KC Turbos
Kelderman,,Kelderman
Kleinn,,Kleinn
Kryptonite Products,,Kryptonite
Leitner,,Leitner
Lightforce,,Lightforce
Longhorn Fab Shop,,Longhorn Fab Shop
LRB Speed,,LRB Speed
Mac's,,Mac's
MADS Electronics,,MADS Electronics
Mag-Hytec,,Mag-Hytec
Magnaflow Exhaust,,Magnaflow Exhaust
Mahle,,Mahle
Mahle Motorsports,,Mahle Motorsports
Manton Pushrods,,Manton Pushrods
Maryland Diesel Performance,,Maryland Diesel Performance
Master Pull,,Master Pull
Maxtrac,,Maxtrac
MaxTrax,,MaxTrax
MBRP,,MBRP
MCE Flexible Fenders,,MCE Flexible Fenders
McGaughy's,,McGaughy's
Mean Green,,Mean Green
Mechman Alternators,,Mechman Alternators
Mel's Exhaust,,Mel's Exhaust
Mercenary Offroad,,Mercenary Offroad
Merchant Automotive,,Merchant Automotive
Method Race Wheels,,Method Race Wheels
Mevotech,,Mevotech
Mile Marker,,Mile Marker
Mishimoto,,Mishimoto
Moog,,Moog
Mopar,,Mopar
Morimoto,,Morimoto
Motor Ops,,Motor Ops
Mumau,,Mumau
N-Fab,,N-Fab
Nemesis Industries,,Nemesis Industries
Nitro Gear & Axle,,Nitro Gear & Axle
Nitrous Express,,Nitrous Express
No Limit Fabrication,No Limit,No Limit Fabrication
NRS Brakes,,NRS Brakes
Off Camber Fabrications,,Off Camber Fabrications
Off-Road Vixens,,Off-Road Vixens
Optitorque,,Optitorque
Oracle,,Oracle
Outback Adventure Products,,Outback Adventure Products
PacBrake,,PacBrake
Paramount,,Paramount
Peak Diesel Performance,,Peak Diesel Performance
Performance Diesel Inc.,,Performance Diesel Inc.
PMF Suspension,,PMF Suspension
PML Covers,,PML Covers
Power Driven Diesel,,Power Driven Diesel
"Power Performance Enterprises, Inc. (Kory Willis EFI)",,Power Performance Enterprises
Powermaster,,Powermaster
Powerstop,,Powerstop
PPE (Pacific Performance Eng.),"Pacific Performance Engineering, PPE",PPE
Pro Comp Suspension,,Pro Comp
Pro Eagle Floor Jacks,,Pro Eagle
Proforged,,Proforged
Prothane,,Prothane
PSC,,PSC
Pure Performance,,Pure Performance
PureFlow Technologies,,PureFlow
RaceME,,RaceME
Race Sport Lighting,,Race Sport
Radflo,,Radflo
Rad Straps,,Rad Straps
Ranch Hand,,Ranch Hand
Rancho,,Rancho
Randy's Transmission,,Randy's Transmission
Rare Parts,,Rare Parts
ReadyAIR,,ReadyAIR
ReadyLIFT,,ReadyLIFT
Recon Lighting,,Recon
Red-Head Steering Gears,,Red-Head
Reese,,Reese
Replay Camera Systems,,Replay Camera Systems
Rev-X Oil & Fuel Additive,,Rev-X
Rigid Industries,,Rigid Industries
River City turbo,,River City turbo
Road Rage Gauges,,Road Rage Gauges
RockJock,,RockJock
Rock Slide Engineering,,Rock Slide Engineering
Rock Tamers Mud Flaps,,Rock Tamers Mud Flaps
Rogue Racing,,Rogue Racing
RokBlokz Mud Flaps,,RokBlokz
Rotomaster,,Rotomaster
Royalty Core,,Royalty Core
S&B,S&B Filters,S&B
Savvy Off Road,,Savvy Off Road
Schaeffer's Lubricants,,Schaeffer's Lubricants
SCT,,SCT
SDHQ,,SDHQ
Silverline,,Silverline
Sinister Diesel,,Sinister Diesel
Skyjacker Suspension,,Skyjacker Suspension
Smeding Diesel,,Smeding Diesel
Snow Performance,,Snow Performance
Snyder Performance,,Snyder Performance
SoCal SuperTrucks Light Brackets,,SoCal SuperTrucks Light Brackets
SOTA Wheels,,SOTA Wheels
South Bend Clutch,,South Bend Clutch
SPE Diesel,,SPE Diesel
sPOD,,sPOD
Spyntec Industries,,Spyntec Industries
SSV Works,,SSV Works
Sprint Booster,,Sprint Booster
Steer Smarts,,Steer Smarts
StopTech,,StopTech
Sulastic Rubber Springs,,Sulastic
Suncoast,,Suncoast
Superchips,,Superchips
Superlift,,Superlift
Supersprings,,Supersprings
SuspensionMaxx,,SuspensionMaxx
Switch-Pros,,Switch-Pros
Synergy Suspension,,Synergy Suspension
TCS Transmission,,TCS Transmission
Tekonsha,,Tekonsha
Teraflex,,Teraflex
Terminator Engineering,,Terminator Engineering
The Right Connection,,The Right Connection
TireGate,,TireGate
Timbren,,Timbren
Titan Fuel Tanks,,Titan Fuel Tanks
TJM,,TJM
Toolbox Widget,,Toolbox Widget
Tonwerx,,Tonwerx
TorkTek,,TorkTek
Trailgater,,Trailgater
TrailReady Wheels,,TrailReady Wheels
T-Rex Grilles,,T-Rex Grilles
Trigger,,Trigger
TS Performance,,TS Performance
TST Products,,TST Products
Tuffy Security Products,,Tuffy Security Products
Turbo Time USA,,Turbo Time USA
Turbosmart,,Turbosmart
Valair Clutch,,Valair Clutch
Victor Reinz,,Victor Reinz
Volant,,Volant
Vossen Wheels,,Vossen Wheels
WARN,,WARN
WeatherTech,,WeatherTech
Weigh Safe,,Weigh Safe
Westin,,Westin
Whelen,,Whelen
Wilwood Brakes,,Wilwood Brakes
XDP,,XDP
XS Power Batteries,,XS Power Batteries
Yukon Gear & Axle,,Yukon Gear & Axle
Zone Suspension,,Zone Suspension
ZROADZ,,ZROADZ
