vendor,display_name,official_website_url,search_url_template,active_search_sku_1,active_search_sku_2,active_sample_status,active_sample_source,candidate_search_sku_1,candidate_search_sku_2,last_checked_utc,notes
4x4 Posi-Lok,4x4 Posi-Lok,https://4x4posi-lok.com/,https://4x4posi-lok.com/?s={sku},,,pending_verification,discovery_seed,PSL-100,PSL-400,,Fallback candidate only until runtime validation confirms live SKUs.
73dipstick.com,73dipstick.com,https://73dipstick.com/,,,,pending_verification,discovery_seed,73D-110448,,,Fallback candidate only until runtime validation confirms live SKUs.
ADDICTIVE DESERT DESIGNS,ADDICTIVE DESERT DESIGNS,https://www.addictivedesertdesigns.com/,https://www.addictivedesertdesigns.com/search?type=product&options[prefix]=last&q={sku},,,pending_verification,discovery_seed,ADD-AC8101801NA,,,Fallback candidate only until runtime validation confirms live SKUs.
ADS Shocks,ADS Shocks,https://www.adsshocks.com/,https://www.adsshocks.com/search/?q={sku},,,pending_verification,discovery_seed,ADS-100ADS-10084,ADS-250-F2R45-000,,Fallback candidate only until runtime validation confirms live SKUs.
AEM,AEM,https://www.aemintakes.com/,https://www.aemintakes.com/search/{sku},,,pending_verification,discovery_seed,AEM-30-3351,AEM-21-9032DS,,Fallback candidate only until runtime validation confirms live SKUs.
AEV | American Expedition Vehicles,AEV | American Expedition Vehicles,https://aev-conversions.com/,https://aev-conversions.com/search?q={sku},,,pending_verification,discovery_seed,AEV-N0340000AB,AEV-N0340001AB,,Fallback candidate only until runtime validation confirms live SKUs.
AFE,AFE,https://afepower.com/,https://afepower.com/catalogsearch/result/?q={sku},46-71370B,,verified_runtime,end_to_end_validation,46-71370B,AFE-46-20039,2026-03-10T04:06:48+00:00,Prefer these SKUs for future validation runs.
AMP Research,AMP Research,https://ampresearchco.com/about-us/,https://ampresearchco.com/?s={sku},,,pending_verification,discovery_seed,AMP-75301-01A,AMP-75146-01A,,Fallback candidate only until runtime validation confirms live SKUs.
ARB,ARB,https://arbusa.com/,https://store.arbusa.com/search-results-page?q={sku},,,pending_verification,discovery_seed,ARB-AR09,ARB-750001,,Fallback candidate only until runtime validation confirms live SKUs.
ARP Bolts,ARP Bolts,https://arp-bolts.com/,https://arp-bolts.com/,,,pending_verification,discovery_seed,ARP-230-4201,ARP-247-4206,,Fallback candidate only until runtime validation confirms live SKUs.
ATI Performance Products,ATI Performance Products,https://www.atiracing.com/,https://atiracing.com/search-results.htm?cx=017413898382317320130:lggw7qy_yqk&cof=FORID:11&q={sku},,,pending_verification,discovery_seed,ATI-917365,ATI-917365C,,Fallback candidate only until runtime validation confirms live SKUs.
ATS Diesel Performance,ATS Diesel Performance,https://atsdiesel.com/,https://atsdiesel.com/search?q={sku},,,pending_verification,discovery_seed,ATS-1039093278,ATS-1039102164,,Fallback candidate only until runtime validation confirms live SKUs.
AccuAir Suspension,AccuAir Suspension,https://accuair.com/,https://accuair.com/search?q={sku}&options%5Bprefix%5D=last,,,pending_verification,discovery_seed,AA-3837,AA-3836,,Fallback candidate only until runtime validation confirms live SKUs.
Accutrim,Accutrim,https://www.accu-trim.com/,https://accu-trim.com/search?q={sku},,,pending_verification,discovery_seed,AF-928,AF-DRD3-5/25-35,,Fallback candidate only until runtime validation confirms live SKUs.
Adams Driveshaft & Offroad,Adams Driveshaft & Offroad,https://www.adamsdriveshaftoffroad.com/,https://www.adamsdriveshaftoffroad.com/search?q={sku},,,pending_verification,discovery_seed,ADAMS-RAM-1350F-5GEN,ADAMS-RAM-1410F-5GEN,,Fallback candidate only until runtime validation confirms live SKUs.
Aeroturbine,Aeroturbine,https://www.aeroturbineparts.com/about/,https://aeroexhaust.com/search.html?q={sku},,,pending_verification,discovery_seed,AERO-AR20,AERO-AR25,,Fallback candidate only until runtime validation confirms live SKUs.
Air Lift Company,Air Lift Company,https://www.airliftcompany.com/,https://airliftcompany.com/search?q={sku},,,pending_verification,discovery_seed,AL-57399,AL-57575,,Fallback candidate only until runtime validation confirms live SKUs.
AirDog | PureFlow Technologies,AirDog | PureFlow Technologies,https://airdogdiesel.com/,https://airdogdiesel.com/?s={sku},,,pending_verification,discovery_seed,PFT-WS100,PF-R3SBD100,,Fallback candidate only until runtime validation confirms live SKUs.
Airaid,Airaid,https://www.airaid.com/,https://www.airaid.com/search/{sku},AIR-300-128,AIR-790-550,verified_runtime,end_to_end_validation,AIR-300-128,AIR-790-550,2026-03-10T04:06:48+00:00,Prefer these SKUs for future validation runs.
Alliant Power,Alliant Power,https://alliantpower.com/,https://alliantpower.com/?s={sku},,,pending_verification,discovery_seed,AP-AP0015,ALI-AP0004,,Fallback candidate only until runtime validation confirms live SKUs.
Alpharex,Alpharex Performance Lighting,https://alpharexusa.com/,https://alpharexusa.com/search?type=product&options%5Bunavailable_products%5D=last&options%5Bprefix%5D=last&q={sku},,,pending_verification,discovery_seed,ARX-810003,ARX-880538,,Fallback candidate only until runtime validation confirms live SKUs.
American Axle & Manufacturing (AAM),American Axle & Manufacturing (AAM),https://www.aam.com/,,,,pending_verification,discovery_seed,AAM-DS U-926,,,Fallback candidate only until runtime validation confirms live SKUs.
American Racing Wheels | ATX Series,American Racing Wheels | ATX Series,https://www.atxwheels.com/,https://www.atxwheels.com/catalogsearch/result/?q={sku},AR-AR1726882,AR-AR1726882B,verified_runtime,end_to_end_validation,AR-AR1726882,AR-AR1726882B,2026-03-10T04:06:48+00:00,Prefer these SKUs for future validation runs.
Anvil Off-Road,Anvil Off-Road,https://www.anviloffroad.ca/,https://www.holley.com/search/?q={sku},,,pending_verification,discovery_seed,AOR-2791AOR,AOR-17011AOR,,Fallback candidate only until runtime validation confirms live SKUs.
Apex Chassis,Apex Chassis,https://apexchassis.com/,https://apexchassis.com/search?q={sku}&search=,,,pending_verification,discovery_seed,APX-BJ162,APX-KIT101K,,Fallback candidate only until runtime validation confirms live SKUs.
Apex Designs,Apex Designs,https://apexdesignsllc.com/,https://apexdesignsllc.com/?s={sku},,,pending_verification,discovery_seed,APXD-X02-02-002,APXD-X02-02-001,,Fallback candidate only until runtime validation confirms live SKUs.
Artec Industries,Artec Industries,https://artecindustries.com/,https://artecindustries.com/search?q={sku},,,pending_verification,discovery_seed,ARTEC-TR1101,ARTEC-TR9251,,Fallback candidate only until runtime validation confirms live SKUs.
Auto Meter,Auto Meter,https://www.autometer.com/,https://www.autometer.com/catalogsearch/result?q={sku},,,pending_verification,discovery_seed,AM-8586,AM-8593,,Fallback candidate only until runtime validation confirms live SKUs.
AutoEnginuity,AutoEnginuity,https://www.autoenginuity.com/,https://www.autoenginuity.com/?s={sku},,,pending_verification,discovery_seed,Auto-EI02,AUTO-EI02,,Fallback candidate only until runtime validation confirms live SKUs.
Axiom Supply,Axiom Supply,https://axiomsupply.com/,https://axiomsupply.com/search?q={sku},,,pending_verification,discovery_seed,AXS-AXTL03,AXS-AXGMEL02,,Fallback candidate only until runtime validation confirms live SKUs.
B&M Shifters,B&M Shifters,https://www.bmracing.com/,https://www.holley.com/search/?q={sku},,,pending_verification,discovery_seed,BM-45199,BM-70397,,Fallback candidate only until runtime validation confirms live SKUs.
BD-Power,BD-Power,https://us.bddiesel.com/,https://us.bddiesel.com/collections/shop?q={sku},,,pending_verification,discovery_seed,BD-1027144,BD-1027150,,Fallback candidate only until runtime validation confirms live SKUs.
BDS Suspension,BDS Suspension,https://bds-suspension.com/,https://bds-suspension.com/search?q={sku},,,pending_verification,discovery_seed,BDS-189H,BDS-121251,,Fallback candidate only until runtime validation confirms live SKUs.
BMC Lights,BMC Lights,https://bmclights.com/,https://bmclights.com/shop-for-bmc-kits/ols/search?keywords={sku},BMC-FRD-F25-F45-HTC-FLD-RGD-IGN,BMC-RAM-250-HB-RGD-STD,verified_runtime,end_to_end_validation,BMC-RAM-250-HB-RGD-STD,BMC-FRD-F25-F45-HTC-FLD-RGD-IGN,2026-03-10T04:06:48+00:00,Prefer these SKUs for future validation runs.
Baer Brake Systems,Baer Brake Systems,https://www.baer.com/,https://www.baer.com/search/?q={sku},,,pending_verification,discovery_seed,BAER-2141023-2,BAER-2142013-2,,Fallback candidate only until runtime validation confirms live SKUs.
Baja Designs Offroad LED Lights,Baja Designs Offroad LED Lights,https://www.bajadesigns.com/,https://www.bajadesigns.com/?s={sku},,,pending_verification,discovery_seed,BD-107004,BAJA-447502,,Fallback candidate only until runtime validation confirms live SKUs.
Baldwin Filters,Baldwin Filters,https://www.baldwinfilters.com/us/en.html,,,,pending_verification,discovery_seed,PF7977,,,Fallback candidate only until runtime validation confirms live SKUs.
Banks Power,Banks Power,https://bankspower.com/,https://bankspower.com/search?q={sku},,,pending_verification,discovery_seed,BAN-25987,BAN-25988,,Fallback candidate only until runtime validation confirms live SKUs.
Beans Diesel | Bean Machine,Beans Diesel | Bean Machine,https://bdpshop.com/,https://bdpshop.com/search.php?search_query={sku},,,pending_verification,discovery_seed,BDP-280003,BDP-280032,,Fallback candidate only until runtime validation confirms live SKUs.
Big Days,Big Days,https://big-days.com/collections/accessories,https://big-days.com/search?q={sku},,,pending_verification,discovery_seed,BND-R1000,BND-M2020,,Fallback candidate only until runtime validation confirms live SKUs.
Bilstein Shock Absorbers,Bilstein Shock Absorbers,https://cart.bilsteinus.com/,https://cart.bilsteinus.com/catalogue?typeofsearch=1&search_query_adv={sku},,,pending_verification,discovery_seed,BIL-24-158848,BIL-24-185462,,Fallback candidate only until runtime validation confirms live SKUs.
Bitterroot Diesel Performance,Bitterroot Diesel Performance,https://bitterrootdiesel.com/,https://bitterrootdiesel.com/search?q={sku}&type=product,,,pending_verification,discovery_seed,BDP-ZF6BOOTAMACH,BDP-ZF6BOOTTANDP,,Fallback candidate only until runtime validation confirms live SKUs.
Black Mamba Gloves,Black Mamba Gloves,https://www.blackmambagloves.com/,https://www.blackmambagloves.com/?s={sku},,,pending_verification,discovery_seed,BMG-OMG-110,BMG-OMG-120,,Fallback candidate only until runtime validation confirms live SKUs.
Black Rhino Wheels,Black Rhino Wheels,https://www.blackrhinowheels.com/,https://www.blackrhinowheels.com/catalogsearch/result/?q={sku},,,pending_verification,discovery_seed,BRW-1795ARY-88170G25,BRW-1795ARY-88170D25,,Fallback candidate only until runtime validation confirms live SKUs.
Blend Door USA,Blend Door USA,https://www.blenddoorusa.com/,https://www.blenddoorusa.com/search?q={sku},,,pending_verification,discovery_seed,BDUSA-5DR,BDUSA-MC5DR-ICG,,Fallback candidate only until runtime validation confirms live SKUs.
BorgWarner,BorgWarner,https://www.borgwarner.com/home,https://www.borgwarner.com/search?indexCatalogue=default&searchQuery={sku}&wordsMode=0,,,pending_verification,discovery_seed,BW-179425,BW-59001107387,,Fallback candidate only until runtime validation confirms live SKUs.
Borgeson,Borgeson,https://www.borgeson.com/,https://www.borgeson.com/?target=search&mode=search&substring={sku}&including=all,BG-800123,BG-800328,verified_runtime,end_to_end_validation,BG-800123,BG-800328,2026-03-10T04:06:48+00:00,Prefer these SKUs for future validation runs.
Borne Off-Road,Borne Off-Road,https://rogue-offroad.com/Borne-Off-Road_bymfg_275-0-1.html,https://www.borne.com/catalogsearch/result/?q={sku},,,pending_verification,discovery_seed,BOR-BNSB-8,BOR-BNRB-109BK,,Fallback candidate only until runtime validation confirms live SKUs.
Bosch,Bosch,https://www.bosch.us/,https://www.bosch.us/search.html?q={sku},,,pending_verification,discovery_seed,BOS-HP004X,BOSCH-0281006325,,Fallback candidate only until runtime validation confirms live SKUs.
Bubba Rope,Bubba Rope,https://www.bubbarope.com/,https://www.bubbarope.com/?s={sku},,,pending_verification,discovery_seed,BR-176000OR,BR-176016OR,,Fallback candidate only until runtime validation confirms live SKUs.
BuiltRight Industries,BuiltRight Industries,https://builtrightind.com/,https://builtrightind.com/search?q={sku},,,pending_verification,discovery_seed,BRI-104012,BRI-102014,,Fallback candidate only until runtime validation confirms live SKUs.
BulletProof Diesel,BulletProof Diesel,https://bulletproofdiesel.com/,https://bulletproofdiesel.com/search?q={sku},,,pending_verification,discovery_seed,BPD-6700001,BPD-6700002,,Fallback candidate only until runtime validation confirms live SKUs.
BulletProof Hitches,BulletProof Hitches,https://www.bulletproofhitches.com/,https://www.bulletproofhitches.com/search?q={sku},,,pending_verification,discovery_seed,BPH-MD204,BPH-MD204-MDSWAYCONTROLBALL,,Fallback candidate only until runtime validation confirms live SKUs.
Bully Dog,Bully Dog,https://bullydog.com/,https://bullydog.com/?s={sku},,,pending_verification,discovery_seed,BUL-30490,BUL-31310,,Fallback candidate only until runtime validation confirms live SKUs.
Bully Dog Big Rig,Bully Dog Big Rig,https://bullydogbigrig.com/products.php,https://bullydog.com/?s={sku},,,pending_verification,discovery_seed,Bul-56700,BUL-56700,,Fallback candidate only until runtime validation confirms live SKUs.
CJC Off-Road,CJC Off-Road,https://www.cjcoffroad.com/,https://www.cjcoffroad.com/search?q={sku},,,pending_verification,discovery_seed,CJC-3500-PLOW,CJC-SHOCKGUARD,,Fallback candidate only until runtime validation confirms live SKUs.
CNC Fabrication,CNC Fabrication,https://cncfabrication.com/,https://cncfabrication.com/?s={sku},,,pending_verification,discovery_seed,CNC-424005,CNC-424001,,Fallback candidate only until runtime validation confirms live SKUs.
CR2 Performance & Fabrication,CR2 Performance & Fabrication,https://cr2fabrication.com/pages/contact,https://cr2fabrication.com/search?q={sku},,,pending_verification,discovery_seed,CR2-10100,CR2-25300,,Fallback candidate only until runtime validation confirms live SKUs.
CSF Radiators,CSF Radiators,https://csfradiators.com/,https://csfradiators.com/?s={sku},,,pending_verification,discovery_seed,CSF-6076,CSF-7062,,Fallback candidate only until runtime validation confirms live SKUs.
Calibrated Power,Calibrated Power,https://duramaxtuner.com/,https://duramaxtuner.com/search.html?Search={sku},,,pending_verification,discovery_seed,CP-03046LPS,CP-CPS200232,,Fallback candidate only until runtime validation confirms live SKUs.
Camburg Suspension,Camburg Suspension,https://www.suspensionlifts.com/brand/camburg/,https://www.suspensionlifts.com/?post_type=product&s={sku}&asp_active=1&p_asid=1&p_asp_data=1&filters_initial=1&filters_changed=0&qtranslate_lang=0&woo_currency=USD&current_page_id=701,,,pending_verification,discovery_seed,CAM-030061,CAM-030049,,Fallback candidate only until runtime validation confirms live SKUs.
Carli Suspension,Carli Suspension,https://www.carlisuspension.com/,https://www.carlisuspension.com/?s={sku},,,pending_verification,discovery_seed,CS-FLC-05,CS-RAM15MRC-09-R,,Fallback candidate only until runtime validation confirms live SKUs.
Cataclean,Cataclean,https://cataclean.com/,https://cataclean.com/?s={sku},,,pending_verification,discovery_seed,CAC-120007,CAC-120020CAT,,Fallback candidate only until runtime validation confirms live SKUs.
Centerforce Performance Clutch,Centerforce Performance Clutch,https://www.centerforce.com/,https://www.centerforce.com/search.html?q={sku},,,pending_verification,discovery_seed,CFC-N1774,CFC-315474898,,Fallback candidate only until runtime validation confirms live SKUs.
Clampco,Clampco,https://www.clampco.com/about/,https://clampco.com/?s={sku},,,pending_verification,discovery_seed,DPP-94158-0300,DPP-94158-0325,,Fallback candidate only until runtime validation confirms live SKUs.
Clutch Masters,Clutch Masters,https://clutchmasters.com/,https://clutchmasters.com/search.html?q={sku},,,pending_verification,discovery_seed,CM-05CM2-TD12R-S,CM-05CM3-TD12R-S,,Fallback candidate only until runtime validation confirms live SKUs.
Cognito Motorsports Suspension,Cognito Motorsports Suspension,https://cognitomotorsports.com/,https://cognitomotorsports.com/catalogsearch/result/?q={sku},,,pending_verification,discovery_seed,CM-110-90715,CM-110-90283,,Fallback candidate only until runtime validation confirms live SKUs.
ComeUp Winch,ComeUp Winch,https://www.comeupwinch.com/,https://comeupwinch.com/search.php?search_query={sku},,,pending_verification,discovery_seed,CU-295620,CU-295660,,Fallback candidate only until runtime validation confirms live SKUs.
Cometic Gaskets,Cometic Gaskets,https://www.cometic.com/,https://cometic.com/products/search?q={sku},,,pending_verification,discovery_seed,COM-C4514,COM-PRO3004T-054,,Fallback candidate only until runtime validation confirms live SKUs.
Complete Performance,Complete Performance,https://cpaddict.com/,https://cpaddict.com/search?q={sku},,,pending_verification,discovery_seed,CP-310,CP-2WD-LK,,Fallback candidate only until runtime validation confirms live SKUs.
Crown Brake Lines,Crown Brake Lines,https://crownperformance.com/,https://crownperformance.com/search.php?search_query={sku},,,pending_verification,discovery_seed,CROWN-GM77FR-00-CLE,CROWN-FORD92FR-0-CLE,,Fallback candidate only until runtime validation confirms live SKUs.
Cummins Diesel Parts,Cummins Diesel Parts,https://parts.cummins.com/esn-entry/main,https://parts.cummins.com/global-search/main/{sku},,,pending_verification,discovery_seed,DPP-12VB,CMNS-5594275,,Fallback candidate only until runtime validation confirms live SKUs.
Custom Battery Cables,Custom Battery Cables,https://custombatterycables.com/,https://custombatterycables.com/?s={sku},,,pending_verification,discovery_seed,CBC-781,CBC-6557,,Fallback candidate only until runtime validation confirms live SKUs.
Customs Unlimited,Customs Unlimited,https://customsunlimited.com/pages/about-us,https://customsunlimited.com/search?q={sku},,,pending_verification,discovery_seed,CU-284-N-A13,CU-INL-STHF-800,,Fallback candidate only until runtime validation confirms live SKUs.
D&J Precision Machine,D&J Precision Machine,https://djprecisionmachine.com/,https://djprecisionmachine.com/search?q={sku},,,pending_verification,discovery_seed,DJ-DJPLB100076,DJ-DJPLB100078,,Fallback candidate only until runtime validation confirms live SKUs.
Dana / Spicer,Dana / Spicer,https://www.dana.com/,https://www.dana.com/search/?q={sku},,,pending_verification,discovery_seed,SPICER-SPL55-3X,DANA-DS U-925,,Fallback candidate only until runtime validation confirms live SKUs.
Dayco,Dayco,https://www.dayco.com/,https://www.dayco.com/na-en/?s={sku},,,pending_verification,discovery_seed,DC-71716,DC-5081260,,Fallback candidate only until runtime validation confirms live SKUs.
Daystar,Daystar,https://daystarproducts.com/pages/dealer-locator,https://daystarproducts.com/search?q={sku},,,pending_verification,discovery_seed,DAY-KU31001,DAY-KU09140BK,,Fallback candidate only until runtime validation confirms live SKUs.
"Deaver Spring, Inc.","Deaver Spring, Inc.",https://deaverspring.com/,https://deaverspring.com/?s={sku},,,pending_verification,discovery_seed,DS-G7,DS-F58,,Fallback candidate only until runtime validation confirms live SKUs.
Dethloff,Dethloff Mfg,https://dethloffmfg.com/,https://dethloffmfg.com/?s={sku},,,pending_verification,discovery_seed,DL-IG-19,DL-ARB-RB-BACKPLATE,,Fallback candidate only until runtime validation confirms live SKUs.
DiabloSport,DiabloSport,https://diablosportco.com/,https://diablosportco.com/?s={sku},,,pending_verification,discovery_seed,DS-8145,DS-7103-D,,Fallback candidate only until runtime validation confirms live SKUs.
Diamond Eye Performance,Diamond Eye Performance,https://www.diamondeyeperformance.com/,https://www.diamondeyeperformance.com/?s={sku},,,pending_verification,discovery_seed,DE-L20AA,DE-K3264S,,Fallback candidate only until runtime validation confirms live SKUs.
Diesel Power Products,Diesel Power Products,https://www.dieselpowerproducts.com/pages/contact,https://dieselpowerproducts.com/search?q={sku},,,pending_verification,discovery_seed,DPP-506,CORECHARGE-10,,Fallback candidate only until runtime validation confirms live SKUs.
Diesel Rx,Diesel Rx,https://dieselrx.com/,https://dieselrx.com/search?q={sku},,,pending_verification,discovery_seed,DRX01005,,,Fallback candidate only until runtime validation confirms live SKUs.
DieselSite,DieselSite,https://www.dieselsite.com/,https://www.dieselsite.com/search.aspx?find={sku},,,pending_verification,discovery_seed,DS-4WD,DS-DS203,,Fallback candidate only until runtime validation confirms live SKUs.
Diode Dynamics,Diode Dynamics,https://www.diodedynamics.com/,https://www.diodedynamics.com/catalogsearch/result/?q={sku},,,pending_verification,discovery_seed,DD-DD7120,DIO-DD7581,,Fallback candidate only until runtime validation confirms live SKUs.
Dipaco DTech Diesel Parts,Dipaco DTech Diesel Parts,https://usdieselparts.com/,https://usdieselparts.com/search/?query={sku},,,pending_verification,discovery_seed,DT-650017,DT-DT650001R,,Fallback candidate only until runtime validation confirms live SKUs.
Dirt Church Industries,Dirt Church Industries,https://dirtchurchindustries.com/,https://dirtchurchindustries.com/search?q={sku},,,pending_verification,discovery_seed,ARB-CKMTA12,DCI-ARBCOMPKIT-23,,Fallback candidate only until runtime validation confirms live SKUs.
Dorman,Dorman,https://www.dormanproducts.com/,https://www.dormanproducts.com/gsearch.aspx?type=oesearch&origin=oesearch&q={sku},,,pending_verification,discovery_seed,DOR-600-202,DOR-679-005,,Fallback candidate only until runtime validation confirms live SKUs.
Driven Diesel,Driven Diesel,http://www.drivendiesel.com/,https://www.strictlydiesel.com/isearch3?searchterm={sku},,,pending_verification,discovery_seed,DD-73L-OBA,DD-73FS-OBSFS-1P-V2,,Fallback candidate only until runtime validation confirms live SKUs.
Dually Design Co.,Dually Design Co.,https://ddcwheels.com/brand/dually-design-co/,https://ddcwheels.com/?s={sku},,,pending_verification,discovery_seed,DDC-F14K40,DDC-F916K32,,Fallback candidate only until runtime validation confirms live SKUs.
DuramaxTuner.com,DuramaxTuner.com,https://duramaxtuner.com/,https://duramaxtuner.com/search.html?q={sku},,,pending_verification,discovery_seed,DT-CPS200340,DT-DM1361070080900,,Fallback candidate only until runtime validation confirms live SKUs.
Dynatrac,Dynatrac,https://www.dynatrac.com/pages/about-us,https://www.dynatrac.com/search?q={sku},,,pending_verification,discovery_seed,DYN-BJK-D60A,DYN-GM60-3B396-BA,,Fallback candidate only until runtime validation confirms live SKUs.
Dynomite Diesel,Dynomite Diesel,https://dynomitediesel.com/,https://dynomitediesel.com/search?type=product&q={sku},,,pending_verification,discovery_seed,DDP-67CON,DDP-505-50-LEVEL1,,Fallback candidate only until runtime validation confirms live SKUs.
EBC Brakes,EBC Brakes,https://www.ebcbrakes.com/,https://www.ebcbrakes.com/?s={sku},,,pending_verification,discovery_seed,EBC-GD7509,EBC-S3KF1122,,Fallback candidate only until runtime validation confirms live SKUs.
EMF Ball Joints,EMF Ball Joints,https://emfballjoints.com/collections,https://emfballjoints.com/search?q={sku},,,pending_verification,discovery_seed,EMF-DSB-3999-PAIR,EMF-8607-80026-KIT,,Fallback candidate only until runtime validation confirms live SKUs.
EMP Shield,EMP Shield,https://www.empshield.com/,https://www.empshield.com/?s={sku},,,pending_verification,discovery_seed,EMP-DC-12V-W,EMP-DC-24V-W,,Fallback candidate only until runtime validation confirms live SKUs.
EZ LYNK,EZ LYNK,https://www.ezlynk.com/,,,,pending_verification,discovery_seed,EZ-100EE00AA3,,,Fallback candidate only until runtime validation confirms live SKUs.
Eastern Industries,Eastern Industries,http://eastern-industries.com/,,,,pending_verification,discovery_seed,EI-18-1575,EI-18-1575NT,,Fallback candidate only until runtime validation confirms live SKUs.
Edge Products,Edge Products,https://www.edgeproducts.com/,https://www.edgeproducts.com/search/?q={sku},,,pending_verification,discovery_seed,EDG-28405,EDG-15001-1,,Fallback candidate only until runtime validation confirms live SKUs.
Empire Performance Engineering,Empire Performance Engineering,https://empireperformance.com.au/,https://empireperformance.com.au/search?type=product&q={sku},,,pending_verification,discovery_seed,,,,Fallback candidate only until runtime validation confirms live SKUs.
Expedition One,Expedition One,https://www.expeditiononestore.com/,https://www.expeditiononestore.com/search.asp?keyword={sku},,,pending_verification,discovery_seed,EXP1-FORDSD-17-FB-PC,EXP1-RAM25/35-19+FB-BARE,,Fallback candidate only until runtime validation confirms live SKUs.
Extend,Extend,https://www.extend.com/,,,,pending_verification,discovery_seed,Extend-Protection-Plan-0.09,EXTEND-PROTECTION-PLAN-0.09,,Fallback candidate only until runtime validation confirms live SKUs.
FASS EGR Solutions,FASS EGR Solutions,https://fassegrsolutions.com/,,,,pending_verification,discovery_seed,FASS-EGRC17,FASS-EGRF17,,Fallback candidate only until runtime validation confirms live SKUs.
FASS Fuel Systems,FASS Fuel Systems,https://www.fassride.com/,https://shop.fassride.com/Products/Search?search={sku},,,pending_verification,discovery_seed,DDP-RK-04,FASS-PFD-1001,,Fallback candidate only until runtime validation confirms live SKUs.
FOX Shocks,FOX Shocks,https://ridefox.com/,https://ridefox.com/search?q={sku},,,pending_verification,discovery_seed,FOX-98502127,FOX-803-02-044,,Fallback candidate only until runtime validation confirms live SKUs.
Factor 55,Factor 55,https://www.factor55.com/,https://www.factor55.com/search?q={sku},,,pending_verification,discovery_seed,FF-00013,F55-00420-01,,Fallback candidate only until runtime validation confirms live SKUs.
Factory Aftermarket,Factory Aftermarket,https://factoryaftermarket.com/collections/all,https://factoryaftermarket.com/search?q={sku},,,pending_verification,discovery_seed,FA-FSD-CS-2022,FA-FSD-CS-2023,,Fallback candidate only until runtime validation confirms live SKUs.
Fairchild Industries,Fairchild Industries,https://fairchildindustries.com/,https://fairchildindustries.com/search/{sku}/,,,pending_verification,discovery_seed,FI-F3019,FI-F1001,,Fallback candidate only until runtime validation confirms live SKUs.
Fast Coolers,Fast Coolers,https://www.fastcoolers.com/,https://www.fastcoolers.com/search?q={sku},,,pending_verification,discovery_seed,FC-2FCVR,FC-FILTER KIT,,Fallback candidate only until runtime validation confirms live SKUs.
Fender Gripper,Fender Gripper,https://www.holley.com/brands/fender_gripper/,https://www.holley.com/search/?q={sku},,,pending_verification,discovery_seed,FND-FG2001,FND-ELFG2001,,Fallback candidate only until runtime validation confirms live SKUs.
Fleece Performance Engineering,Fleece Performance Engineering,https://www.fleeceperformance.com/,https://www.fleeceperformance.com/catalogsearch/result/?q={sku},,,pending_verification,discovery_seed,FPE-CP3X2,FPE-RBC-1.5-0.5,,Fallback candidate only until runtime validation confirms live SKUs.
Fleetguard Filters,Fleetguard Filters,https://fleet-reliable-filters.com/catalogs,https://fleet-reliable-filters.com/catalogsearch/result/index/?q={sku},,,pending_verification,discovery_seed,FG-LF9028,FG-FS19856,,Fallback candidate only until runtime validation confirms live SKUs.
Flex-A-Lite,Flex-A-Lite,https://flex-a-lite.com/,https://flex-a-lite.com/catalogsearch/result/?q={sku},,,pending_verification,discovery_seed,FAL-103961,FAL-104641,,Fallback candidate only until runtime validation confirms live SKUs.
Flowmaster,Flowmaster,https://the-flowmaster.com/,https://the-flowmaster.com/?s={sku},,,pending_verification,discovery_seed,FM-1078,FM-854040-10,,Fallback candidate only until runtime validation confirms live SKUs.
Fluidampr,Fluidampr,https://fluidampr.com/,https://fluidampr.com/?s={sku},,,pending_verification,discovery_seed,FD-720211,FD-720221,,Fallback candidate only until runtime validation confirms live SKUs.
Flyin Diesel,Flyin Diesel,https://flyindiesel.com/,https://flyindiesel.com/search.html?q={sku},,,pending_verification,discovery_seed,FD-5967-BLACK,FD-5967-STAINLESS,,Fallback candidate only until runtime validation confirms live SKUs.
Ford Motor Company,Ford Motor Company,https://corporate.ford.com/about/brands/,https://www.ford.com/search/?f%3AsearchInputString={sku},,,pending_verification,discovery_seed,FA-1757,FORD-3C3Z6049ARM,,Fallback candidate only until runtime validation confirms live SKUs.
Frantz Oil Filters,Frantz Oil Filters,https://www.frantzfilters.com/,https://www.frantzfilters.com/?s={sku},,,pending_verification,discovery_seed,FOF-FKPWR60,FOF-FKPWR73,,Fallback candidate only until runtime validation confirms live SKUs.
Fuel Bomb,Fuel Bomb,https://fuelbomb.com/,https://fuelbomb.com/?s={sku},,,pending_verification,discovery_seed,FB-002,FB-001/2-CASE-CASE,,Fallback candidate only until runtime validation confirms live SKUs.
Fuelab,Fuelab,https://fuelab.com/,https://fuelab.com/search.html?q={sku},,,pending_verification,discovery_seed,FL-50102,FL-50101,,Fallback candidate only until runtime validation confirms live SKUs.
Full Force Diesel,Full Force Diesel,https://www.fullforcediesel.com/about-us/,https://www.fullforcediesel.com/search?show_in_vexture=Yes&Search={sku},,,pending_verification,discovery_seed,FFD-FFD143,FFD-FFD162,,Fallback candidate only until runtime validation confirms live SKUs.
Full Send Diesel,Full Send Diesel,https://fullsenddiesel.com/,https://fullsenddiesel.com/search?q={sku},,,pending_verification,discovery_seed,FSD-01-B,FSD-02-B,,Fallback candidate only until runtime validation confirms live SKUs.
Fumoto Engineering,Fumoto Engineering,https://www.fumotousa.com/,https://www.fumotousa.com/?target=search&mode=search&substring={sku}&including=all,,,pending_verification,discovery_seed,F-104,F-106,,Fallback candidate only until runtime validation confirms live SKUs.
Garrett,Garrett,https://garrett.com/,https://garrett.com/?s={sku},,,pending_verification,discovery_seed,GAR-448486-0004,GAR-739619-5004S,,Fallback candidate only until runtime validation confirms live SKUs.
Gator Fasteners,Gator Fasteners,https://gatorfasteners.com/,,,,pending_verification,discovery_seed,GF-HSK64,GF-HSK5967C,,Fallback candidate only until runtime validation confirms live SKUs.
Gearhead Automotive Performance,Gearhead Automotive Performance,https://www.gearheadautomotive.co/,,,,pending_verification,discovery_seed,SCT-7015C60-SN,SCT-7015C60-AN,,Fallback candidate only until runtime validation confirms live SKUs.
Gen-Y Hitch,GEN-Y Hitch,https://genyhitch.com/,https://genyhitch.com/search?q={sku},,,pending_verification,discovery_seed,GH-060,GH-030,,Fallback candidate only until runtime validation confirms live SKUs.
Generic,Generic,,,,,pending_verification,discovery_seed,DPP-OCK-PSD-9403,DPP-OCK-CMNS,,Fallback candidate only until runtime validation confirms live SKUs.
Generic Manufacturer,Generic Manufacturer,,,,,pending_verification,discovery_seed,DPP-1G195,DPP-D3919358,,Fallback candidate only until runtime validation confirms live SKUs.
Generic Race Parts (GRP),Generic Race Parts (GRP),https://www.gregsraceparts.com/,https://www.gregsraceparts.com/search?q={sku},,,pending_verification,discovery_seed,GRP-FUELCAP,,,Fallback candidate only until runtime validation confirms live SKUs.
Glacier Diesel Power,Glacier Diesel Power,https://www.glacierdieselpower.com/,https://www.glacierdieselpower.com/search?q={sku},,,pending_verification,discovery_seed,GDP-1012FE,GDP-07509MAX,,Fallback candidate only until runtime validation confirms live SKUs.
Grizzly,Grizzly Products,https://www.grizzly.com/,https://www.grizzly.com/search?q={sku},,,pending_verification,discovery_seed,GZ-GA108,GZ-5327046,,Fallback candidate only until runtime validation confirms live SKUs.
H&S Motorsports,H&S Motorsports,https://hsmotorsports.com/,https://hsmotorsports.com/search?q={sku},,,pending_verification,discovery_seed,HS-121003,HSM-121005,,Fallback candidate only until runtime validation confirms live SKUs.
HPS Performance,HPS Performance,https://hpsperformanceproducts.com/,https://hpsperformanceproducts.com/pages/search-results-page?q={sku},,,pending_verification,discovery_seed,HPS-57-1539,HPS-57-1539-BLK,,Fallback candidate only until runtime validation confirms live SKUs.
HUBB Reuseable Oil Filters,HUBB Reuseable Oil Filters,https://www.hubbfilters.com/,,,,pending_verification,discovery_seed,HUBB-3304,HUBB-8503,,Fallback candidate only until runtime validation confirms live SKUs.
Hamilton Cams,Hamilton Cams,https://hamiltoncams.com/,https://hamiltoncams.com/?s={sku},,,pending_verification,discovery_seed,HAM-SC-001,HAM-07-S-003,,Fallback candidate only until runtime validation confirms live SKUs.
Hawk Performance,Hawk Performance,https://www.hawkperformance.com/,,,,pending_verification,discovery_seed,HAWK-HTC4466,HAWK-HB552P.722,,Fallback candidate only until runtime validation confirms live SKUs.
Hays Clutches,Hays Clutches,https://www.holley.com/brands/hays/,https://www.holley.com/search/?q={sku},,,pending_verification,discovery_seed,HAYS-92D-3000,HAYS-92D-3001,,Fallback candidate only until runtime validation confirms live SKUs.
Heatshield Products,Heatshield Products,https://heatshieldproducts.com/,https://heatshieldproducts.com/?s={sku},,,pending_verification,discovery_seed,HP-300074,HP-300076,,Fallback candidate only until runtime validation confirms live SKUs.
Hellwig Products,Hellwig Products,https://www.hellwigproducts.com/,https://www.hellwigproducts.com/?s={sku},,,pending_verification,discovery_seed,HEL-7252,HEL-61901-FORD,,Fallback candidate only until runtime validation confirms live SKUs.
Highway Products,Highway Products,https://highwayproducts.com/,https://highwayproducts.com/?s={sku},,,pending_verification,discovery_seed,HP-4030-049,HP-580-00073-BK62,,Fallback candidate only until runtime validation confirms live SKUs.
Holders Diesel,Holders Diesel,https://holdersdiesel.com/collections/all,https://holdersdiesel.com/search?q={sku},,,pending_verification,discovery_seed,HD-60-STK-PS,HD-73-STK-AAP,,Fallback candidate only until runtime validation confirms live SKUs.
Holset Turbochargers,Holset Turbochargers,https://turbochargersbyholset.com/,https://turbochargersbyholset.com/?s={sku},,,pending_verification,discovery_seed,HOL-4034315,HOL-3531810H,,Fallback candidate only until runtime validation confirms live SKUs.
Hot Shot's Secret High Performance Additives,Hot Shot's Secret High Performance Additives,https://www.hotshotsecret.com/,https://www.hotshotsecret.com/?s={sku},,,pending_verification,discovery_seed,HSS-AAL4Z,HSS-G5601GAL,,Fallback candidate only until runtime validation confirms live SKUs.
Hypertech,Hypertech,https://hypertech.com/,,,,pending_verification,discovery_seed,HYP-730127,HYP-730111,,Fallback candidate only until runtime validation confirms live SKUs.
ICON Alloys,ICON Alloys,https://iconvehicledynamics.com/collections/wheel,https://iconvehicledynamics.com/search?q={sku},,,pending_verification,discovery_seed,IA-192050,ICON-2017856350BR,,Fallback candidate only until runtime validation confirms live SKUs.
ICON Vehicle Dynamics,ICON Vehicle Dynamics,https://iconvehicledynamics.com/,https://iconvehicledynamics.com/search?q={sku},,,pending_verification,discovery_seed,ICON-37024,ICON-37004,,Fallback candidate only until runtime validation confirms live SKUs.
ISSPRO,ISSPRO,https://isspro.com/,https://isspro.com/Search/PartNoSearch?q={sku},,,pending_verification,discovery_seed,ISS-R8912,ISSPRO-0107BYOGM,,Fallback candidate only until runtime validation confirms live SKUs.
Industrial Injection,Industrial Injection,https://industrialinjection.com/,https://industrialinjection.com/search?type=product%2Carticle%2Cpage%2Ccollection&options[prefix]=last&q={sku},,,pending_verification,discovery_seed,II-227411,IIS-412603,,Fallback candidate only until runtime validation confirms live SKUs.
Injen Technology,Injen Technology,https://injen.com/,https://injen.com/search.html?q={sku},,,pending_verification,discovery_seed,INJ-EVO7008,INJ-EVO7009,,Fallback candidate only until runtime validation confirms live SKUs.
Irate Diesel Performance,Irate Diesel Performance,https://www.iratediesel.com/about-us/,https://www.iratediesel.com/?s={sku},,,pending_verification,discovery_seed,IDP-T4CMSSD,IDP-910SPRINGS,,Fallback candidate only until runtime validation confirms live SKUs.
JKS Manufacturing,JKS Manufacturing,https://jksmfg.com/,https://jksmfg.com/search?q={sku},,,pending_verification,discovery_seed,JKS-JKS2033,JKS-JKS2943,,Fallback candidate only until runtime validation confirms live SKUs.
K&N Filters,K&N Filters,https://www.knfilters.com/,https://www.knfilters.com/search/{sku},KN-57-1532,KN-E-0776,verified_runtime,end_to_end_validation,KN-E-0776,KN-57-1532,2026-03-10T04:06:48+00:00,Prefer these SKUs for future validation runs.
KC HiLiTES,KC HiLiTES,https://www.kchilites.com/,https://www.kchilites.com/catalogsearch/result/?q={sku},,,pending_verification,discovery_seed,KC-490,KC-1359,,Fallback candidate only until runtime validation confirms live SKUs.
KC Turbos,KC Turbos,https://kcturbos.com/,https://kcturbos.com/search?q={sku},,,pending_verification,discovery_seed,KC-300365,KCT-300931,,Fallback candidate only until runtime validation confirms live SKUs.
Kelderman,Kelderman,https://kelderman.com/,https://kelderman.com/?s={sku},,,pending_verification,discovery_seed,KEL-69003,KEL-10007562,,Fallback candidate only until runtime validation confirms live SKUs.
Kleinn Air Horns,Kleinn Air Horns,https://kleinn.com/,https://kleinn.com/pages/search-results-page?q={sku},,,pending_verification,discovery_seed,KLN-6880,KLN-6890,,Fallback candidate only until runtime validation confirms live SKUs.
Kryptonite,Kryptonite Products,https://kryptoniteproducts.com/,https://kryptoniteproducts.com/search?q={sku},,,pending_verification,discovery_seed,KRY-KR175,KRY-KRTR10,,Fallback candidate only until runtime validation confirms live SKUs.
LRB Speed,LRB Speed,https://lrbspeed.com/,https://lrbspeed.com/?s={sku}&post_type=product,,,pending_verification,discovery_seed,LRB-10380,LRB-193143,,Fallback candidate only until runtime validation confirms live SKUs.
Longhorn Fab Shop,Longhorn Fab Shop,https://longhornfabshop.com/,https://longhornfabshop.com/search.php?search_query={sku},,,pending_verification,discovery_seed,LFS-201051,LFS-200997,,Fallback candidate only until runtime validation confirms live SKUs.
MAHLE,MAHLE,https://www.mahle.com/,https://www.mahle.com/en/search/?q={sku},,,pending_verification,discovery_seed,MAH-54174,MAH-CS54774-1,,Fallback candidate only until runtime validation confirms live SKUs.
MBRP Exhaust,MBRP Exhaust,https://mbrpexhauststore.com/,https://mbrpexhauststore.com/search?q={sku},,,pending_verification,discovery_seed,MBRP-T5156,MBRP-MDAL017,,Fallback candidate only until runtime validation confirms live SKUs.
MOOG,MOOG,https://www.moog.com/,https://moog.com/?s={sku},,,pending_verification,discovery_seed,MOG-479,MOG-464,,Fallback candidate only until runtime validation confirms live SKUs.
Mac's Custom Tie Downs,Mac's Custom Tie Downs,https://www.macscustomtiedowns.com/,https://www.macscustomtiedowns.com/search.aspx?ss={sku},,,pending_verification,discovery_seed,MAC-520215,MACS-520010,,Fallback candidate only until runtime validation confirms live SKUs.
Mag-Hytec,Mag-Hytec,https://mag-hytec.com/,https://mag-hytec.com/?s={sku},,,pending_verification,discovery_seed,MH-727-D,MH-F12-10.25-A & 10.5,,Fallback candidate only until runtime validation confirms live SKUs.
MagnaFlow Exhaust,MagnaFlow Exhaust,https://www.magnaflow.com/,https://www.magnaflow.com/search?q={sku},,,pending_verification,discovery_seed,MF-12775,MF-12776,,Fallback candidate only until runtime validation confirms live SKUs.
Manton Pushrods,Manton Pushrods,https://mantonpushrods.com/,https://mantonpushrods.com/?s={sku},,,pending_verification,discovery_seed,MP-D-505-24v,MP-D-505-24V,,Fallback candidate only until runtime validation confirms live SKUs.
MaxTrac Suspension,MaxTrac Suspension,https://maxtracsuspension.com/,https://maxtracsuspension.com/?s={sku},,,pending_verification,discovery_seed,MT-993300,MT-K853300-4,,Fallback candidate only until runtime validation confirms live SKUs.
McGaughy's Suspension Parts,McGaughy's Suspension Parts,https://mcgaughys.com/products-home-page/,https://mcgaughys.com/?s={sku},,,pending_verification,discovery_seed,MCG-51052,MCG-52357,,Fallback candidate only until runtime validation confirms live SKUs.
Mean Green,Mean Green,https://mean-green-cleaner.com/,https://mean-green-cleaner.com/?s={sku},,,pending_verification,discovery_seed,MEAN-MG7892,MEAN-MG7215,,Fallback candidate only until runtime validation confirms live SKUs.
Mechman Alternators,Mechman Alternators,https://www.mechman.com/,https://www.mechman.com/search.php?search_query={sku},,,pending_verification,discovery_seed,MECH-7796240,MECH-B11348400B,,Fallback candidate only until runtime validation confirms live SKUs.
Mel's Manufacturing,Mel's Manufacturing,https://www.melsmfg.com/,https://www.melsmfg.com/search?q={sku},,,pending_verification,discovery_seed,MEL-6185,MEL-421111,,Fallback candidate only until runtime validation confirms live SKUs.
Merchant Automotive,Merchant Automotive,https://www.merchant-automotive.com/,https://www.merchant-automotive.com/shop/?search_query={sku},,,pending_verification,discovery_seed,MA-10813,MA-10000,,Fallback candidate only until runtime validation confirms live SKUs.
Method Race Wheels,Method Race Wheels,https://www.methodracewheels.com/,https://www.methodracewheels.com/search?q={sku},,,pending_verification,discovery_seed,MRW-MR301785,MRW-MR30168080500,,Fallback candidate only until runtime validation confirms live SKUs.
Mevotech,Mevotech,https://www.mevotech.com/,https://www.mevotech.com/?s={sku},,,pending_verification,discovery_seed,MT-MK7467,MT-MS25506,,Fallback candidate only until runtime validation confirms live SKUs.
Mile Marker,Mile Marker,https://www.milemarker.com/pages/about-us,,,,pending_verification,discovery_seed,MM-19-00105,35-5020-15,,Fallback candidate only until runtime validation confirms live SKUs.
Mishimoto,Mishimoto,https://www.mishimoto.com/,https://www.mishimoto.com/catalogsearch/result/?q={sku},,,pending_verification,discovery_seed,MISH-R1553,MISH-MMINT-F2D-11SL,,Fallback candidate only until runtime validation confirms live SKUs.
Mob Armor,Mob Armor,https://www.mobarmor.com/,https://www.mobarmor.com/search?q={sku},,,pending_verification,discovery_seed,MOBM2-BLK-LG,MOBN-PL-ACC,,Fallback candidate only until runtime validation confirms live SKUs.
Mopar | Factory OEM Dodge Ram,Mopar | Factory OEM Dodge Ram,https://www.mopar.com/en-us.html,https://www.mopar.com/en-us/search/results.html?search={sku},,,pending_verification,discovery_seed,MOP-52087514,MOP-68026995AB,,Fallback candidate only until runtime validation confirms live SKUs.
Morimoto,Morimoto,https://www.morimotohid.com/,https://morimotohid.com/search?q={sku},,,pending_verification,discovery_seed,MOR-LF553,MOR-LF505-ASM,,Fallback candidate only until runtime validation confirms live SKUs.
N-FAB,N-FAB,https://nfabco.com/,https://nfabco.com/?s={sku},,,pending_verification,discovery_seed,NFAB-F171MRDS,NFAB-F171MRDS-TX,,Fallback candidate only until runtime validation confirms live SKUs.
NAPA Filters,NAPA Filters,https://napa-filters.com/filter-lookup,,,,pending_verification,discovery_seed,NAPA-3408,NAPA-600064,,Fallback candidate only until runtime validation confirms live SKUs.
NOS Nitrous Oxide Systems,NOS Nitrous Oxide Systems,https://www.noswizard.com/,https://www.noswizard.com/catalogsearch/result/?q={sku},,,pending_verification,discovery_seed,NOS-02521NOS,NOS-02521BNOS,,Fallback candidate only until runtime validation confirms live SKUs.
NRS Galvanized Brakes,NRS Galvanized Brakes,https://nrsbrakes.com/,https://nrsbrakes.com/search?q={sku},,,pending_verification,discovery_seed,NRS-NS909,NRS-NS2250,,Fallback candidate only until runtime validation confirms live SKUs.
Nemesis Industries,Nemesis Industries,https://nem-ind.com/,https://nem-ind.com/catalogsearch/result/?q={sku},,,pending_verification,discovery_seed,NEM-121840,NEM-121841,,Fallback candidate only until runtime validation confirms live SKUs.
Nitro Gear & Axle,Nitro Gear & Axle,https://www.nitro-gear.com/,,,,pending_verification,discovery_seed,AEV-NRM43400AA,,,Fallback candidate only until runtime validation confirms live SKUs.
Nitrous Express,Nitrous Express,https://www.nitrousexpress.com/,https://www.nitrousexpress.com/search.asp?search_prod={sku},,,pending_verification,discovery_seed,NX-D1000,NX-D11110,,Fallback candidate only until runtime validation confirms live SKUs.
No Limit Fabrication,No Limit Fabrication,https://nolimitfabrication.com/,https://nolimitfabrication.com/search.html?q={sku},,,pending_verification,discovery_seed,NL-67OP,NL-67ICP11161,,Fallback candidate only until runtime validation confirms live SKUs.
OLM Lighting,OLM Lighting,https://olm.com/,https://olm.com/search?q={sku},,,pending_verification,discovery_seed,OLM-OLME.16016.1,OLM-OLME.16014.1,,Fallback candidate only until runtime validation confirms live SKUs.
Oracle Lighting,Oracle Lighting,http://oraclelighting.channelsync.com/,https://www.oraclelights.com/search?q={sku},,,pending_verification,discovery_seed,ORA-5865-504,ORA-5862-504,,Fallback candidate only until runtime validation confirms live SKUs.
PMF Suspension,PMF Suspension,https://www.pmfsuspension.com/,https://www.pmfsuspension.com/search.asp?keyword={sku},PMF-FRD-5004,,verified_runtime,end_to_end_validation,PMF-FRD-5004,PMF-SD-05PASSTR-XRF,2026-03-10T04:06:48+00:00,Prefer these SKUs for future validation runs.
PML Covers,PML Covers,https://pmlgarage.com/,https://yourcovers.com/search.html?Search={sku},,,pending_verification,discovery_seed,PML-9393-B,PML-11139-AC-DS,,Fallback candidate only until runtime validation confirms live SKUs.
PPE (Pacific Performance Eng.),PPE (Pacific Performance Eng.),https://ppepower.com/,https://ppepower.com/search?type=product%2Cpage%2Carticle%2Ccollection&options%5Bunavailable_products%5D=show&options%5Bprefix%5D=last&q={sku},,,pending_verification,discovery_seed,PPE-1110100,PPE-113051000,,Fallback candidate only until runtime validation confirms live SKUs.
"PPEI | Power Performance Enterprises, Inc | EFILive by Kory Willis","PPEI | Power Performance Enterprises, Inc | EFILive by Kory Willis",https://ppei.com/,https://ppei.com/search?q={sku},,,pending_verification,discovery_seed,PPEI-EZLYNK30-LML,PPEI-AUTOCAL,,Fallback candidate only until runtime validation confirms live SKUs.
PROJECT X,PROJECT X,https://projectxoffroad.com/,https://projectxoffroad.com/search?q={sku},,,pending_verification,discovery_seed,PX-AC538806-1,PX-AC538807-1,,Fallback candidate only until runtime validation confirms live SKUs.
PSC,PSC Performance Steering Components,https://www.pscsteering.com/,https://www.pscsteering.com/search?q={sku},,,pending_verification,discovery_seed,PSC-SG851,PSC-SG851R,,Fallback candidate only until runtime validation confirms live SKUs.
PacBrake,PacBrake,https://pacbrake.com/,https://pacbrake.com/search.html?Search={sku},,,pending_verification,discovery_seed,PB-C11342,PB-C14010,,Fallback candidate only until runtime validation confirms live SKUs.
Paramount Automotive,Paramount Automotive,https://www.paramountauto.com/about/,,,,pending_verification,discovery_seed,,,,Fallback candidate only until runtime validation confirms live SKUs.
Performance Diesel Inc.,Performance Diesel Inc.,https://pdidiesel.com/,https://pdidiesel.com/search?q={sku},,,pending_verification,discovery_seed,PDI-3466CR,PDI-3467CR,,Fallback candidate only until runtime validation confirms live SKUs.
Power Driven Diesel,Power Driven Diesel,https://powerdriven.com/,https://powerdriven.com/pages/search?query={sku},,,pending_verification,discovery_seed,PDD-RIT0001,PDD-60000000236,,Fallback candidate only until runtime validation confirms live SKUs.
Power Products Unlimited,Power Products Unlimited,https://powerproductsunlimited.com/,https://powerproductsunlimited.com/?s={sku},,,pending_verification,discovery_seed,PPU-ARBCOMPMOUNT,,,Fallback candidate only until runtime validation confirms live SKUs.
Power Stroke Products,Power Stroke Products,https://powerstrokeproducts.com/,https://powerstrokeproducts.com/?s={sku},,,pending_verification,discovery_seed,PSP-PP-SS-12V,PSP-DMAXCAM192-200,,Fallback candidate only until runtime validation confirms live SKUs.
PowerStop,PowerStop,https://www.powerstop.com/about-us/,https://www.powerstop.com/?s={sku},,,pending_verification,discovery_seed,PSB-SW-1218,PSB-Z36-2225,,Fallback candidate only until runtime validation confirms live SKUs.
Powermaster Performance Starters and Alternators,Powermaster Performance Starters and Alternators,https://www.powermasterperformance.com/about-us,https://www.powermasterperformance.com/catalogsearch/result/index/?q={sku},,,pending_verification,discovery_seed,PM-7767,PM-44007,,Fallback candidate only until runtime validation confirms live SKUs.
Pro Eagle Floor Jacks,Pro Eagle Floor Jacks,https://www.proeagle.com/,https://www.proeagle.com/search?q={sku},,,pending_verification,discovery_seed,PE-EXT8,PE-ORJ3B4X,,Fallback candidate only until runtime validation confirms live SKUs.
ProActive Gears,ProActive Gears,https://www.proactivegears.com/,https://www.proactivegears.com/searchresults.asp?Search={sku}&Submit=,,,pending_verification,discovery_seed,PAG-21966,PAG-70-5600T,,Fallback candidate only until runtime validation confirms live SKUs.
Proforged,Proforged Steering & Suspension,https://proforged.com/,https://proforged.com/search/?query={sku},,,pending_verification,discovery_seed,PROF-104-10966,PROF-113-10546,,Fallback candidate only until runtime validation confirms live SKUs.
Prothane,Prothane,https://prothane.com/,https://prothane.com/?post_type=product&product_cat=&s={sku},,,pending_verification,discovery_seed,PRTH-7-141,PRTH-7-2043,,Fallback candidate only until runtime validation confirms live SKUs.
PureDPF,PureDPF,https://www.puredpf.com/,https://www.puredpf.com/search?q={sku},,,pending_verification,discovery_seed,PDPF-P-DPF-44003,PDPF-P-DPF-44001,,Fallback candidate only until runtime validation confirms live SKUs.
PurePower,PurePower,http://www.purepoweraps.com/,https://purepowertechnologies.com/?s={sku},,,pending_verification,discovery_seed,PP-7782-PP,PP-7779-PP,,Fallback candidate only until runtime validation confirms live SKUs.
Putco Truck Accessories,Putco Truck Accessories,https://www.putco.com/,https://www.putco.com/?s={sku},,,pending_verification,discovery_seed,PUT-92801,PUT-92701,,Fallback candidate only until runtime validation confirms live SKUs.
RECON Lighting,RECON Lighting,https://gorecon.com/,https://gorecon.com/search?q={sku},,,pending_verification,discovery_seed,REC-26413,REC-264276BKC,,Fallback candidate only until runtime validation confirms live SKUs.
Race Sport Lighting,Race Sport Lighting,https://www.racesportinc.com/,https://www.racesportinc.com/catalogsearch/result/index/?q={sku},,,pending_verification,discovery_seed,RSL-9FT3PE,RSL-1007656,,Fallback candidate only until runtime validation confirms live SKUs.
Racor,Racor,https://racorstore.com/,https://racorstore.com/search?q={sku},,,pending_verification,discovery_seed,RAC-RK4616,RAC-RK42043,,Fallback candidate only until runtime validation confirms live SKUs.
Ranch Hand,Ranch Hand,https://www.ranchhandbumpershop.com/about-us/,,,,pending_verification,discovery_seed,RNH-BBD948BLS,RNH-BBD100BLSS,,Fallback candidate only until runtime validation confirms live SKUs.
Rancho,Rancho,https://www.gorancho.com/,https://www.gorancho.com/search?q={sku}&options%5Bprefix%5D=last&type=product,,,pending_verification,discovery_seed,RAN-RS5419,RAN-RS55042,,Fallback candidate only until runtime validation confirms live SKUs.
Rare Parts Steering and Suspension,Rare Parts Steering and Suspension,https://www.rareparts.com/,https://rareparts.com/search?q={sku},,,pending_verification,discovery_seed,RP20610,,,Fallback candidate only until runtime validation confirms live SKUs.
ReadyLIFT Suspension,ReadyLIFT Suspension,https://www.readylift.com/,https://www.readylift.com/catalogsearch/result/?cat=2&q={sku},,,pending_verification,discovery_seed,RL-69-4630,RL-66-2299,,Fallback candidate only until runtime validation confirms live SKUs.
Realtruck Superlift Suspension,RealTruck SuperLift Suspension,https://realtruck.com/b/superlift/,https://realtruck.com/search/?q={sku},,,pending_verification,discovery_seed,RT-146,SUP-2059,,Fallback candidate only until runtime validation confirms live SKUs.
Red-Head Steering Gears Inc.,Red-Head Steering Gears Inc.,https://redheadsteeringgears.com/,https://redheadsteeringgears.com/search?q={sku},,,pending_verification,discovery_seed,RH-2773,RH-2879U,,Fallback candidate only until runtime validation confirms live SKUs.
"Reid Racing, Inc.","Reid Racing, Inc.",https://www.reidracing.com/,https://www.reidracing.com/search?q={sku},,,pending_verification,discovery_seed,REID-D60005-2,REID-D60005-3,,Fallback candidate only until runtime validation confirms live SKUs.
RetroBright LED,RetroBright LED,https://www.holley.com/brands/holley_retrobright/,https://www.holley.com/search/?q={sku},,,pending_verification,discovery_seed,RB-LFRB130,RB-LFRB150,,Fallback candidate only until runtime validation confirms live SKUs.
Rev-X Oil & Fuel Additive,Rev-X Oil & Fuel Additive,https://revxoil.com/,https://revxoil.com/?s={sku},,,pending_verification,discovery_seed,Rev-X-0400,REV-X-LTFULLKIT,,Fallback candidate only until runtime validation confirms live SKUs.
RevMax Converters,RevMax Converters,https://www.revmaxconverters.com/,https://revmaxconverters.com/?s={sku},,,pending_verification,discovery_seed,REVM-478-311,REVM-10L1000-600,,Fallback candidate only until runtime validation confirms live SKUs.
Revolution Gear & Axle,Revolution Gear & Axle,https://revolutiongear.com/,https://revolutiongear.com/search.php?search_query={sku},,,pending_verification,discovery_seed,D70-373,RGA-GM11_5-456,,Fallback candidate only until runtime validation confirms live SKUs.
Rigid Industries,Rigid Industries,https://www.rigidindustries.com/,https://www.rigidindustries.com/catalogsearch/result/index/?q={sku},,,pending_verification,discovery_seed,RIGID-40200,RIGID-36360,,Fallback candidate only until runtime validation confirms live SKUs.
River City Turbo,River City Turbo,https://rivercityturbo.com/,,,,pending_verification,discovery_seed,RCT-GM-3,RCT-RC62B6008VERNA,,Fallback candidate only until runtime validation confirms live SKUs.
Rock Krawler,Rock Krawler,https://rockkrawler.com/,https://rockkrawler.com/search.php?search_query={sku},,,pending_verification,discovery_seed,RK-RK02542,RK-F2XF4005,,Fallback candidate only until runtime validation confirms live SKUs.
Rock Slide Engineering,Rock Slide Engineering,https://rockslideengineering.com/,https://rockslideengineering.com/?s={sku},,,pending_verification,discovery_seed,RSE-RS-910,RSE-RB-F-300-JL,,Fallback candidate only until runtime validation confirms live SKUs.
Rock Tamers Mud Flaps,Rock Tamers Mud Flaps,https://rocktamers.com/,https://rocktamers.com/?s={sku},,,pending_verification,discovery_seed,RT-00108,RT-00110,,Fallback candidate only until runtime validation confirms live SKUs.
RockJock,RockJock,https://www.rockjock4x4.com/,https://www.rockjock4x4.com/search?keywords={sku},,,pending_verification,discovery_seed,RJ-CE-9114,RJ-256200-101,,Fallback candidate only until runtime validation confirms live SKUs.
RokBlokz,RokBlokz Mud Flaps,https://rokblokz.com/,https://rokblokz.com/search?q={sku},,,pending_verification,discovery_seed,RKB-F17SRW-BK-BK,RKB-F11SRW-BK-BK,,Fallback candidate only until runtime validation confirms live SKUs.
Rotomaster,Rotomaster,https://rotomaster.com/,https://rotomaster.com/search.php?search_query={sku},,,pending_verification,discovery_seed,ROT-H1350212N,ROT-S1640303N,,Fallback candidate only until runtime validation confirms live SKUs.
Royalty Core,Royalty Core,https://www.royaltycore.com/,https://www.royaltycore.com/search.html?q={sku},,,pending_verification,discovery_seed,RC-15966,ROC-13777,,Fallback candidate only until runtime validation confirms live SKUs.
S&B,S&B,https://sbfilters.com/,https://sbfilters.com/pages/search?query={sku},,,pending_verification,discovery_seed,SB-832018,SB-75-5082,,Fallback candidate only until runtime validation confirms live SKUs.
S&S Diesel Motorsport,S&S Diesel Motorsport,https://ssdiesel.com/,https://ssdiesel.com/?s={sku},,,pending_verification,discovery_seed,SSDM-67F-DCR-1,SSDM-RAM-CP3-NOTUNE,,Fallback candidate only until runtime validation confirms live SKUs.
SCT,SCT,https://sctflash.com/,https://sctflash.com/?s={sku},,,pending_verification,discovery_seed,SCT-9817,SCT-40490,,Fallback candidate only until runtime validation confirms live SKUs.
SDHQ Off Road,SDHQ Off Road,https://sdhqoffroad.com/,https://sdhqoffroad.com/search?q={sku},,,pending_verification,discovery_seed,SDHQ-10-1131-G4,SDHQ-31-1137-G5,,Fallback candidate only until runtime validation confirms live SKUs.
SSBC-USA,SSBC-USA,https://ssbc-usa.com/,https://ssbc-usa.com/search?type=product&q={sku},,,pending_verification,discovery_seed,SSBC-10126,SSBC-A193-1,,Fallback candidate only until runtime validation confirms live SKUs.
Schaeffer's Lubricants,Schaeffer's Lubricants,https://www.schaefferoil.com/,https://schaefferoil.com/search?q={sku},,,pending_verification,discovery_seed,SL-0219,SL-0204SAT,,Fallback candidate only until runtime validation confirms live SKUs.
Silverline Exhaust,Silverline Exhaust,https://www.ansaautomotive.com/,,,,pending_verification,discovery_seed,SLV-UDM1,SLV-UDM1409,,Fallback candidate only until runtime validation confirms live SKUs.
Sinister Diesel,Sinister Diesel,https://sinisterdiesel.com/,https://sinisterdiesel.com/shop?Search={sku},,,pending_verification,discovery_seed,SD-OC-6.0,SD-CAT-DMAX,,Fallback candidate only until runtime validation confirms live SKUs.
Skyjacker Suspension,Skyjacker Suspension,https://skyjacker.com/,https://skyjacker.com/?s={sku},,,pending_verification,discovery_seed,SKY-D25,SKY-H7092,,Fallback candidate only until runtime validation confirms live SKUs.
Smarty by MADS Electronics,Smarty by MADS Electronics,https://madselectronics.com/,,,,pending_verification,discovery_seed,ME-J-06,ME-J-67,,Fallback candidate only until runtime validation confirms live SKUs.
Smeding Diesel,Smeding Diesel,https://www.smedingdiesel.com/,https://www.smedingdiesel.com/search?q={sku}&options%5Bprefix%5D=last,,,pending_verification,discovery_seed,SME-C6762EDRT,SME-DURAMAX-S300-DROP-IN-04510,,Fallback candidate only until runtime validation confirms live SKUs.
Snow Performance,Snow Performance,https://www.snowperformance.net/,https://www.nitrousexpress.com/search.asp?search_prod={sku},,,pending_verification,discovery_seed,SP-430,SP-40016,,Fallback candidate only until runtime validation confirms live SKUs.
Snyder Performance Engineering,Snyder Performance Engineering,https://www.spemotorsport.com/,https://www.spemotorsport.com/search?q={sku},,,pending_verification,discovery_seed,SPE-67HTFK,SPE-S200101,,Fallback candidate only until runtime validation confirms live SKUs.
SoCal SuperTrucks,SoCal SuperTrucks,https://socalsupertrucks.com/,https://socalsupertrucks.com/search.php?search_query={sku},,,pending_verification,discovery_seed,SS-200215,SS-200200,,Fallback candidate only until runtime validation confirms live SKUs.
South Bend Clutch,South Bend Clutch,https://southbendclutch.com/,https://southbendclutch.com/search?q={sku},,,pending_verification,discovery_seed,SBC-0090,SBC-13125-OK,,Fallback candidate only until runtime validation confirms live SKUs.
Sprint Booster,Sprint Booster,https://www.sprintboosterusa.com/,https://www.sprintboosterusa.com/?s={sku},,,pending_verification,discovery_seed,SBDO1003S,,,Fallback candidate only until runtime validation confirms live SKUs.
SpynTec Industries,SpynTec Industries,https://spyntec.com/,https://spyntec.com/?s={sku},,,pending_verification,discovery_seed,SAST-D09S,SAST-D0008S,,Fallback candidate only until runtime validation confirms live SKUs.
SteerSmarts,SteerSmarts,https://steersmarts.com/,https://steersmarts.com/search?q={sku},,,pending_verification,discovery_seed,SS-714001,SS-75061001,,Fallback candidate only until runtime validation confirms live SKUs.
Street Performance,Street Performance,https://street-performance.com/,,,,pending_verification,discovery_seed,SP-PD805,SP-SF513400,,Fallback candidate only until runtime validation confirms live SKUs.
Sulastic Rubber Springs,Sulastic Rubber Springs,https://sulastic.com/en/,https://sulastic.com/en/search?q={sku},,,pending_verification,discovery_seed,SUL-SC-15,SUL-SA06-CH,,Fallback candidate only until runtime validation confirms live SKUs.
SunCoast Performance,SunCoast Performance,https://suncoastdiesel.com/,https://suncoastdiesel.com/search-diesel.html?orientation=vertical&q={sku},,,pending_verification,discovery_seed,SC-68-1,SC-68-SRR,,Fallback candidate only until runtime validation confirms live SKUs.
SuperSprings,SuperSprings,https://superspringsinternational.com/,https://superspringsinternational.com/?s={sku}&id=5023383376,,,pending_verification,discovery_seed,SS-SSA22,SS-MTKT,,Fallback candidate only until runtime validation confirms live SKUs.
Superchips,Superchips,https://superchips.com/,https://www.holley.com/search/?q={sku},,,pending_verification,discovery_seed,SC-1545,SC-20501,,Fallback candidate only until runtime validation confirms live SKUs.
Suspension MAXX,Suspension MAXX,https://suspensionmaxx.com/,https://suspensionmaxx.com/catalog?search_api_fulltext={sku},SMX-122690EX,SMX-2535,verified_runtime,end_to_end_validation,SMX-2535,SMX-122690EX,2026-03-10T04:06:48+00:00,Prefer these SKUs for future validation runs.
Switch-Pros,Switch-Pros,https://www.switchpros.com/,https://www.switchpros.com/?s={sku},,,pending_verification,discovery_seed,SP-SP9100BEZEL,,,Fallback candidate only until runtime validation confirms live SKUs.
Synapse Auto,Synapse Auto,https://synapseauto.com/,https://synapseauto.com/filterSearch?advs=true&cid=0&mid=0&vid=0&q={sku}&sid=true&isc=true&orderBy=0,,,pending_verification,discovery_seed,SYNA-S79-L5P1,SYNA-S79-300122+S83-300CAL-KIT,,Fallback candidate only until runtime validation confirms live SKUs.
Synergy Manufacturing,Synergy Manufacturing,https://www.synergymfg.com/,https://www.synergymfg.com/?target=search&mode=search&substring={sku},,,pending_verification,discovery_seed,SYN-8581,SYN-8734-20,,Fallback candidate only until runtime validation confirms live SKUs.
T-Rex Grilles,T-Rex Grilles,https://trexbillet.com/,https://trexbillet.com/search.html?q={sku},,,pending_verification,discovery_seed,TREX-51211,TREX-51452,,Fallback candidate only until runtime validation confirms live SKUs.
TS Performance,TS Performance,https://www.tsperformanceofficial.com/,/search?q={sku},,,pending_verification,discovery_seed,TS-1290301,TSP-1180402,,Fallback candidate only until runtime validation confirms live SKUs.
Tekonsha,Tekonsha,https://www.tekonsha.com/,,,,pending_verification,discovery_seed,TEK-9030,TEK-90160,,Fallback candidate only until runtime validation confirms live SKUs.
Timbren,Timbren,https://timbren.com/,https://timbren.com/search?q={sku},,,pending_verification,discovery_seed,TB-DR250,TB-DR1525H4,,Fallback candidate only until runtime validation confirms live SKUs.
Toolbox Widget,Toolbox Widget,https://toolboxwidget.com/,https://toolboxwidget.com/search?q={sku}&options%5Bprefix%5D=last,,,pending_verification,discovery_seed,TBW-VW15,TBW-PRO-BUNDLE-MAXIMIZER,,Fallback candidate only until runtime validation confirms live SKUs.
Tork Teknology,Tork Teknology,https://www.torkteknology.com/,https://www.torkteknology.com/search.php?search_query={sku},,,pending_verification,discovery_seed,DPP-BBS010,DPP-CBS010,,Fallback candidate only until runtime validation confirms live SKUs.
Total Seal Piston Rings,Total Seal Piston Rings,https://www.totalseal.com/,https://totalseal.com/search?query={sku},,,pending_verification,discovery_seed,TSPR-S4194,TSPR-S4194-20,,Fallback candidate only until runtime validation confirms live SKUs.
Trigger Wireless Accessory Controller,Trigger Wireless Accessory Controller,https://triggercontroller.com/,https://triggercontroller.com/?s={sku},,,pending_verification,discovery_seed,AAC-2100,AAC-3001,,Fallback candidate only until runtime validation confirms live SKUs.
Tuffy Security,Tuffy Security,https://tuffyproducts.com/,https://tuffyproducts.com/?s={sku},,,pending_verification,discovery_seed,TFY-354-01,TFY-311-01,,Fallback candidate only until runtime validation confirms live SKUs.
Turbo Time USA,Turbo Time USA,https://turbotimeusa.com/,https://turbotimeusa.com/search?type=product%2Carticle%2Cpage&q={sku},,,pending_verification,discovery_seed,TTP-LB-VGT-60,TTP-LB-VGT-R,,Fallback candidate only until runtime validation confirms live SKUs.
Turbosmart,Turbosmart,https://www.turbosmart.com/,https://www.turbosmart.com/?s={sku},,,pending_verification,discovery_seed,TS-0304-1002,TS-0304-1001,,Fallback candidate only until runtime validation confirms live SKUs.
USA Standard Gear,USA Standard Gear,https://www.usastandardgear.com/,https://www.usastandardgear.com/search?q={sku},,,pending_verification,discovery_seed,USG-ZSG7616,USG-ZSG7585,,Fallback candidate only until runtime validation confirms live SKUs.
Valair Clutch,Valair Clutch,https://valairinc.com/,https://valairinc.com/?s={sku},,,pending_verification,discovery_seed,V-2130,NMU70279-04-5SCE-GETRAG,,Fallback candidate only until runtime validation confirms live SKUs.
Volant,Volant,https://volant.com/,https://volant.com/search?q={sku},,,pending_verification,discovery_seed,VOL-35066,VOL-16759,,Fallback candidate only until runtime validation confirms live SKUs.
Warn,BorgWarner,https://www.warn.com/,https://warn.com/search?q={sku},,,pending_verification,discovery_seed,WARN-17801,WARN-100921,,Fallback candidate only until runtime validation confirms live SKUs.
WeatherTech,WeatherTech,https://www.weathertech.com/,,,,pending_verification,discovery_seed,WT-440612,WT-450612,,Fallback candidate only until runtime validation confirms live SKUs.
Wehrli Custom Fabrication,Wehrli Custom Fabrication,https://www.wcfab.com/,https://www.wcfab.com/search.html?q={sku},,,pending_verification,discovery_seed,WCF-WCF100165-GB,WCF-WCF100165-RED,,Fallback candidate only until runtime validation confirms live SKUs.
Weigh Safe,Weigh Safe,https://www.weigh-safe.com/,https://www.weigh-safe.com/?s={sku},,,pending_verification,discovery_seed,WSF-WS05,WSF-WS8-3,,Fallback candidate only until runtime validation confirms live SKUs.
Westin,Westin Automotive Products,https://www.westinautomotive.com/,https://westinautomotive.com/search?q={sku},,,pending_verification,discovery_seed,WES-21-1315,WES-19-43995,,Fallback candidate only until runtime validation confirms live SKUs.
"Wilwood Engineering, Inc.","Wilwood Engineering, Inc.",https://wilwood.com/,https://wilwood.com/Search/PartNoSearch?q={sku},,,pending_verification,discovery_seed,WIL-220-9811,WIL-140-13874-R,,Fallback candidate only until runtime validation confirms live SKUs.
XDP,XDP,https://www.xtremediesel.com/,https://www.xtremediesel.com/xtreme-diesel-performance-xdp-search?q={sku},,,pending_verification,discovery_seed,XDP-XD200,XDP-XD312,,Fallback candidate only until runtime validation confirms live SKUs.
XS Power,XS Power,https://4xspower.com/,https://4xspower.com/search?q={sku},,,pending_verification,discovery_seed,XS-580,XS-551,,Fallback candidate only until runtime validation confirms live SKUs.
Yukon Gear & Axle,Yukon Gear & Axle,https://www.yukongear.com/,https://www.yukongear.com/search?q={sku},,,pending_verification,discovery_seed,YUK-YGK058,YUK-YA G12471486,,Fallback candidate only until runtime validation confirms live SKUs.
ZROADZ,ZROADZ,https://zroadz.com/,https://zroadz.com/search.html?q={sku},,,pending_verification,discovery_seed,ZRZ-Z325472,ZRZ-Z325472-KIT,,Fallback candidate only until runtime validation confirms live SKUs.
Zone Offroad Suspension,Zone Offroad Suspension,https://zoneoffroad.com/,https://zoneoffroad.com/search?q={sku},,,pending_verification,discovery_seed,ZON-D9,ZON-C31N,,Fallback candidate only until runtime validation confirms live SKUs.
Zumbrota Drivetrain,Zumbrota Drivetrain,https://www.zumbrotadrivetrain.com/,https://www.zumbrotadrivetrain.com/search?q={sku},,,pending_verification,discovery_seed,ZUM-RTC241DHD-7,ZUM-RTC261GXHD-1,,Fallback candidate only until runtime validation confirms live SKUs.
sPOD,sPOD Switch Pods,https://www.4x4spod.com/,https://4x4spod.com/?s={sku},,,pending_verification,discovery_seed,,,,Fallback candidate only until runtime validation confirms live SKUs.
